{
    "utterances": [
        {
            "text": "cast fire",
            "entities": [],
            "traits": [],
            "intent": "fire_spell"
        },
        {
            "text": "change",
            "entities": [],
            "traits": [],
            "intent": "changecube_spell"
        },
        {
            "text": "fire",
            "entities": [],
            "traits": [],
            "intent": "fire_spell"
        },
        {
            "text": "fires spell",
            "entities": [],
            "traits": [],
            "intent": "fire_spell"
        }
    ]
}
